{"cameraMode":{"drawMode":0,"name":"Shaded","section":"Shading Mode"},"sceneLighting":true,"audioPlay":false,"sceneViewState":{"m_AlwaysRefresh":false,"showFog":true,"showSkybox":true,"showFlares":true,"showImageEffects":true,"showParticleSystems":true,"showVisualEffectGraphs":true,"m_FxEnabled":true},"in2DMode":false,"pivot":{"x":2.941380023956299,"y":3.104355812072754,"z":1.2299399375915528},"rotation":{"x":-0.2152499109506607,"y":-0.23070842027664185,"z":0.053204648196697238,"w":-0.9478156566619873},"size":8.658244132995606,"orthographic":true}