{"cameraMode":{"drawMode":0,"name":"Shaded","section":"Shading Mode"},"sceneLighting":false,"audioPlay":false,"sceneViewState":{"m_AlwaysRefresh":false,"showFog":true,"showSkybox":false,"showFlares":true,"showImageEffects":true,"showParticleSystems":true,"showVisualEffectGraphs":true,"m_FxEnabled":true},"in2DMode":false,"pivot":{"x":0.28913307189941409,"y":20.834957122802736,"z":1.7265205383300782},"rotation":{"x":0.2299899458885193,"y":0.3028247356414795,"z":-0.07554817199707031,"w":0.9218267798423767},"size":55.628684997558597,"orthographic":true}